{"cameraMode":{"drawMode":24,"name":"Light Overlap","section":"Baked Global Illumination"},"sceneLighting":true,"audioPlay":false,"sceneViewState":{"m_AlwaysRefresh":false,"showFog":true,"showSkybox":true,"showFlares":true,"showImageEffects":true,"showParticleSystems":true,"showVisualEffectGraphs":true,"m_FxEnabled":true},"in2DMode":false,"pivot":{"x":0.5896192789077759,"y":2.5093700885772707,"z":-1.4044408798217774},"rotation":{"x":0.050973281264305118,"y":-0.013482504524290562,"z":0.000688290863763541,"w":0.9986056685447693},"size":2.1841511726379396,"orthographic":true}